지점,지점명,일시,평균기온(°C),최고기온(°C),일강수량(mm)
108,서울,2025-01-01,2.6,8.9,
108,서울,2025-01-02,.5,6,
108,서울,2025-01-03,-1.1,3.2,0
108,서울,2025-01-04,-.1,5.7,
108,서울,2025-01-05,1.2,2.5,6.7
108,서울,2025-01-06,1,3.4,3
108,서울,2025-01-07,-2.6,1.5,.1
108,서울,2025-01-08,-3.4,.2,0
108,서울,2025-01-09,-9.7,-6.1,0
108,서울,2025-01-10,-7.3,-1.7,
108,서울,2025-01-11,-5.1,.4,
108,서울,2025-01-12,-3.4,2.5,
108,서울,2025-01-13,-.4,4.1,1.3
108,서울,2025-01-14,2.3,5.2,.1
108,서울,2025-01-15,-3.5,-.5,
108,서울,2025-01-16,-.5,2.8,0
108,서울,2025-01-17,-.5,5.6,
108,서울,2025-01-18,1,7.5,
108,서울,2025-01-19,3.8,9,
108,서울,2025-01-20,3.9,7.5,0
108,서울,2025-01-21,2.4,6.3,
108,서울,2025-01-22,3.6,7.7,
108,서울,2025-01-23,2,7.7,
108,서울,2025-01-24,3.1,10.6,
108,서울,2025-01-25,5.2,11.4,
108,서울,2025-01-26,4.6,7.5,
108,서울,2025-01-27,.2,5.1,5.6
108,서울,2025-01-28,-3.9,-2.5,.1
108,서울,2025-01-29,-4.6,-1.3,.2
108,서울,2025-01-30,-3.8,-1,
108,서울,2025-01-31,-.8,.7,2.4
108,서울,2025-02-01,1.6,7.9,
108,서울,2025-02-02,1.5,6.8,0
108,서울,2025-02-03,-4.1,.6,
108,서울,2025-02-04,-9,-5.3,
108,서울,2025-02-05,-8.6,-3.7,
108,서울,2025-02-06,-5.6,-.2,2.3
108,서울,2025-02-07,-8,-4.7,.4
108,서울,2025-02-08,-7.9,-3.4,
108,서울,2025-02-09,-4.7,1.7,
108,서울,2025-02-10,-2.6,2.6,0
108,서울,2025-02-11,.5,7,
108,서울,2025-02-12,.5,2.5,2.5
108,서울,2025-02-13,.2,6.1,
108,서울,2025-02-14,3.7,10.1,
108,서울,2025-02-15,4.1,7.8,
108,서울,2025-02-16,4.3,9.7,
108,서울,2025-02-17,-.3,3.5,
108,서울,2025-02-18,-2.3,2.6,
108,서울,2025-02-19,-3,1.2,
108,서울,2025-02-20,-2.9,1.9,
108,서울,2025-02-21,-2.5,2.6,
108,서울,2025-02-22,-2.3,2.7,
108,서울,2025-02-23,-3.6,.5,
108,서울,2025-02-24,-1.3,4.7,
108,서울,2025-02-25,2.1,6.1,
108,서울,2025-02-26,3.7,9.1,
108,서울,2025-02-27,5.8,14.2,
108,서울,2025-02-28,7.8,13.7,
108,서울,2025-03-01,8.5,13,.6
108,서울,2025-03-02,8.3,15.6,11.8
108,서울,2025-03-03,3.1,7.1,10.4
108,서울,2025-03-04,2.5,3.4,4
108,서울,2025-03-05,4.8,9.2,0
108,서울,2025-03-06,4.8,10.4,
108,서울,2025-03-07,5.3,11.1,
108,서울,2025-03-08,5.8,11.2,
108,서울,2025-03-09,6.9,13.5,
108,서울,2025-03-10,8,14.9,
108,서울,2025-03-11,9.4,16.6,
108,서울,2025-03-12,8.5,11.8,0
108,서울,2025-03-13,8.9,15,
108,서울,2025-03-14,12.4,20.1,
108,서울,2025-03-15,12.6,17.2,0
108,서울,2025-03-16,4.9,10.1,.8
108,서울,2025-03-17,2.5,6.8,.4
108,서울,2025-03-18,2.1,5.6,9.9
108,서울,2025-03-19,2.4,7.3,
108,서울,2025-03-20,8.2,15,
108,서울,2025-03-21,11.6,18.7,
108,서울,2025-03-22,12.8,19.9,
108,서울,2025-03-23,15.2,24,
108,서울,2025-03-24,15.5,21.3,0
108,서울,2025-03-25,12.7,21.4,
108,서울,2025-03-26,15.5,23.9,
108,서울,2025-03-27,13.7,18.6,.3
108,서울,2025-03-28,6.5,11.8,
108,서울,2025-03-29,3.3,6.7,0
108,서울,2025-03-30,3.3,7.6,0
108,서울,2025-03-31,7.7,14.1,
108,서울,2025-04-01,10.1,17,
108,서울,2025-04-02,8.9,14.4,0
108,서울,2025-04-03,9.8,16.9,
108,서울,2025-04-04,10.6,16.4,
108,서울,2025-04-05,8,9.5,22.8
108,서울,2025-04-06,10.3,15.7,0
108,서울,2025-04-07,13.5,20.1,
108,서울,2025-04-08,13.8,18.9,
108,서울,2025-04-09,12.7,18,.8
108,서울,2025-04-10,13.2,19.1,0
108,서울,2025-04-11,16.2,24.2,
108,서울,2025-04-12,12.9,22.5,15.4
108,서울,2025-04-13,5.5,8.2,4.2
108,서울,2025-04-14,4.4,6,7.4
108,서울,2025-04-15,8.2,14,
108,서울,2025-04-16,14.6,21.9,
108,서울,2025-04-17,19.7,24.7,
108,서울,2025-04-18,18.6,23.7,0
108,서울,2025-04-19,15.3,20,9.2
108,서울,2025-04-20,16.7,24.1,
108,서울,2025-04-21,20.7,27.1,
108,서울,2025-04-22,17.8,20.4,34.8
108,서울,2025-04-23,16.8,22.9,
108,서울,2025-04-24,14.7,19.6,
108,서울,2025-04-25,12.5,17.8,
108,서울,2025-04-26,13.8,20,
108,서울,2025-04-27,14.9,19.1,
108,서울,2025-04-28,15.1,20.2,
108,서울,2025-04-29,14.8,21,
108,서울,2025-04-30,18.4,25.8,
108,서울,2025-05-01,14.7,17.6,21.1
108,서울,2025-05-02,13.4,18.5,0
108,서울,2025-05-03,11.2,14,7.3
108,서울,2025-05-04,13.7,19.9,
108,서울,2025-05-05,12.1,15,
108,서울,2025-05-06,14.4,19.5,
108,서울,2025-05-07,14.9,21.1,
108,서울,2025-05-08,17.4,24.9,
108,서울,2025-05-09,15.1,17.4,17.6
108,서울,2025-05-10,12.3,15.3,14.1
108,서울,2025-05-11,14.7,20.2,0
108,서울,2025-05-12,17,23.6,
108,서울,2025-05-13,19.9,25.8,
108,서울,2025-05-14,21,26.7,
108,서울,2025-05-15,19.5,22.2,1.1
108,서울,2025-05-16,19.4,22,51.3
108,서울,2025-05-17,18.3,24.3,2.2
108,서울,2025-05-18,15.6,21,
108,서울,2025-05-19,16.1,20.9,1.6
108,서울,2025-05-20,22.2,27.3,1
108,서울,2025-05-21,25.5,30.8,
108,서울,2025-05-22,23.9,28.5,.8
108,서울,2025-05-23,19.4,22.2,1.2
108,서울,2025-05-24,15.6,19.3,4.3
108,서울,2025-05-25,17.4,22.6,
108,서울,2025-05-26,19.7,26.2,
108,서울,2025-05-27,20.8,27,
108,서울,2025-05-28,20.8,26.9,0
108,서울,2025-05-29,21.2,27.3,
108,서울,2025-05-30,22.2,28.3,
108,서울,2025-05-31,21.5,27,
108,서울,2025-06-01,22.6,29.3,
108,서울,2025-06-02,21,23.1,0
108,서울,2025-06-03,20.9,25.3,
108,서울,2025-06-04,20.5,25.3,
108,서울,2025-06-05,21.7,27.1,
108,서울,2025-06-06,24.1,30,
108,서울,2025-06-07,23.7,28.2,.1
108,서울,2025-06-08,25.1,30.4,.6
108,서울,2025-06-09,24.2,30.2,0
108,서울,2025-06-10,21.7,25.3,0
108,서울,2025-06-11,22.7,28.5,
108,서울,2025-06-12,25.5,33.1,
108,서울,2025-06-13,24,29.4,1.5
108,서울,2025-06-14,25.6,32.1,
108,서울,2025-06-15,26.3,33.2,11.8
108,서울,2025-06-16,23,25.1,20
108,서울,2025-06-17,24.8,29.6,
108,서울,2025-06-18,25.5,30.9,
108,서울,2025-06-19,28.1,34.2,.8
108,서울,2025-06-20,24.1,28.3,51.1
108,서울,2025-06-21,22,24.2,.2
108,서울,2025-06-22,23.3,28.6,
108,서울,2025-06-23,26.1,31.7,
108,서울,2025-06-24,25,28,2.3
108,서울,2025-06-25,20.9,22.1,8
108,서울,2025-06-26,22.2,24.2,1.1
108,서울,2025-06-27,25,29.3,0
108,서울,2025-06-28,26.2,28.1,.6
108,서울,2025-06-29,27.1,30.2,0
108,서울,2025-06-30,28.2,31.2,
108,서울,2025-07-01,28.6,31.8,.9
108,서울,2025-07-02,28.6,30.9,0
108,서울,2025-07-03,28.3,32,0
108,서울,2025-07-04,27.2,30,0
108,서울,2025-07-05,28.4,32.3,
108,서울,2025-07-06,29.1,32.8,
108,서울,2025-07-07,29.1,33.2,
108,서울,2025-07-08,31.3,37.8,11.8
108,서울,2025-07-09,31.9,36,
108,서울,2025-07-10,31.4,36.2,
108,서울,2025-07-11,30.2,36.1,
108,서울,2025-07-12,30.3,36.5,
108,서울,2025-07-13,27.7,31,0
108,서울,2025-07-14,24.2,28.1,13.6
108,서울,2025-07-15,23.6,25.9,4
108,서울,2025-07-16,23.3,24.8,73.1
108,서울,2025-07-17,23.3,24.4,75.5
108,서울,2025-07-18,24.7,27.2,16.1
108,서울,2025-07-19,23.9,25.8,84
108,서울,2025-07-20,27.7,31.3,14.8
108,서울,2025-07-21,28.5,31.6,0
108,서울,2025-07-22,28.8,32.2,.1
108,서울,2025-07-23,28.9,33.3,
108,서울,2025-07-24,29.8,34.1,
108,서울,2025-07-25,31.1,36.3,
108,서울,2025-07-26,32.3,37.1,
108,서울,2025-07-27,32.8,38,
108,서울,2025-07-28,32.2,36.4,
108,서울,2025-07-29,32,36.7,
108,서울,2025-07-30,32.1,36.3,
108,서울,2025-07-31,30.9,34.6,
108,서울,2025-08-01,31,35.1,0
108,서울,2025-08-02,31.2,36.2,
108,서울,2025-08-03,28.8,32.5,1.3
108,서울,2025-08-04,28.1,33.9,1.9
108,서울,2025-08-05,29.1,33.5,
108,서울,2025-08-06,27.1,29.3,22
108,서울,2025-08-07,28.2,32.3,
108,서울,2025-08-08,26.6,30.2,6.3
108,서울,2025-08-09,24.9,26.4,3.5
108,서울,2025-08-10,27.3,33.2,
108,서울,2025-08-11,27,29.5,0
108,서울,2025-08-12,28.6,34.1,
108,서울,2025-08-13,25.1,27.1,126.7
108,서울,2025-08-14,25.5,26.9,47.8
108,서울,2025-08-15,27.1,30.9,0
108,서울,2025-08-16,28.2,32.2,
108,서울,2025-08-17,28.4,32,
108,서울,2025-08-18,28.9,32.9,2.2
108,서울,2025-08-19,29.1,32.3,
108,서울,2025-08-20,29.4,32.8,0
108,서울,2025-08-21,29.8,34.3,
108,서울,2025-08-22,29.4,33.5,
108,서울,2025-08-23,29.3,32.2,
108,서울,2025-08-24,30.2,34.7,
108,서울,2025-08-25,28.7,32.2,17.1
108,서울,2025-08-26,27.6,31.8,5.4
108,서울,2025-08-27,26.7,30.8,
108,서울,2025-08-28,28.3,31,
108,서울,2025-08-29,29,32.8,32.2
108,서울,2025-08-30,28.4,31.8,23.9
108,서울,2025-08-31,28.5,31.8,0
108,서울,2025-09-01,26.1,28.2,20.4
108,서울,2025-09-02,26,30.6,
108,서울,2025-09-03,27.6,32.1,
108,서울,2025-09-04,25.8,29.8,44.2
108,서울,2025-09-05,27.9,33,
108,서울,2025-09-06,26.8,30.4,36.1
108,서울,2025-09-07,25.3,28.3,.2
108,서울,2025-09-08,24.4,29.5,0
108,서울,2025-09-09,23.7,26.9,0
108,서울,2025-09-10,24.8,31.5,
108,서울,2025-09-11,25.8,31.7,
108,서울,2025-09-12,23.9,26.3,6.8
108,서울,2025-09-13,23.3,27.6,63.7
108,서울,2025-09-14,24.8,29.3,
108,서울,2025-09-15,25.7,30.7,
108,서울,2025-09-16,23.7,27.1,17.5
108,서울,2025-09-17,22.7,24,52.7
108,서울,2025-09-18,22.1,26,
108,서울,2025-09-19,19.4,21.4,13.8
108,서울,2025-09-20,20,23.6,35.3
108,서울,2025-09-21,21.6,27.3,
108,서울,2025-09-22,21.3,25.1,
108,서울,2025-09-23,22.7,26.8,0
108,서울,2025-09-24,22,23.7,35.2
108,서울,2025-09-25,22.5,26.4,.3
108,서울,2025-09-26,21.7,27.1,
108,서울,2025-09-27,22.5,27.2,
108,서울,2025-09-28,20,21.9,44.5
108,서울,2025-09-29,19.6,23.9,
108,서울,2025-09-30,19.8,24,
108,서울,2025-10-01,20.5,25.6,
108,서울,2025-10-02,21.4,25.8,
108,서울,2025-10-03,21.2,22.3,.8
108,서울,2025-10-04,22.5,25,0
108,서울,2025-10-05,21.4,22.3,18.1
108,서울,2025-10-06,17.6,20.7,36.8
108,서울,2025-10-07,18.2,20,7.1
108,서울,2025-10-08,21.9,28,0
108,서울,2025-10-09,20,22.6,0
108,서울,2025-10-10,17,17.7,49.3
108,서울,2025-10-11,20.3,23.8,22.5
108,서울,2025-10-12,19,21.4,.1
108,서울,2025-10-13,15.7,18.3,25.1
108,서울,2025-10-14,17.9,20.9,.6
108,서울,2025-10-15,20.2,25.3,1.5
108,서울,2025-10-16,20.2,24.8,1.3
108,서울,2025-10-17,19.9,24.8,11.3
108,서울,2025-10-18,15.8,18.6,11.2
108,서울,2025-10-19,14.5,19.2,
108,서울,2025-10-20,10,16.5,
108,서울,2025-10-21,9.2,14.1,
108,서울,2025-10-22,13.1,18.6,
108,서울,2025-10-23,14.9,19.6,
108,서울,2025-10-24,15.8,21.5,
108,서울,2025-10-25,14.4,17.7,
108,서울,2025-10-26,12.2,13.9,.5
108,서울,2025-10-27,8.1,12.2,
108,서울,2025-10-28,8.5,14.4,
108,서울,2025-10-29,11.4,18.3,
108,서울,2025-10-30,12.8,18.2,
108,서울,2025-10-31,15.1,20.7,.1
108,서울,2025-11-01,12.9,17.7,2.4
108,서울,2025-11-02,8,11.7,.2
108,서울,2025-11-03,7.2,14.7,
108,서울,2025-11-04,10.2,16.3,
108,서울,2025-11-05,11.6,19,
108,서울,2025-11-06,12.5,18.8,
108,서울,2025-11-07,13.9,19.9,
108,서울,2025-11-08,14.5,17,0
108,서울,2025-11-09,13.5,17.6,
108,서울,2025-11-10,8.3,12.7,
108,서울,2025-11-11,8.9,15.1,
108,서울,2025-11-12,10.8,17.7,
108,서울,2025-11-13,11.1,17.6,
108,서울,2025-11-14,9.1,15.1,
108,서울,2025-11-15,9.8,17.5,
108,서울,2025-11-16,11.6,18.7,.3
108,서울,2025-11-17,3.2,9.7,
108,서울,2025-11-18,1.6,6.5,
108,서울,2025-11-19,3,8.6,
108,서울,2025-11-20,7.4,14.6,
108,서울,2025-11-21,7.4,12.5,
108,서울,2025-11-22,9.6,15.1,
108,서울,2025-11-23,10.9,14.4,
108,서울,2025-11-24,12.4,16.8,
108,서울,2025-11-25,7.4,9.6,7.8
108,서울,2025-11-26,6.4,10.9,
108,서울,2025-11-27,5.1,8.7,10
108,서울,2025-11-28,2.3,7,
108,서울,2025-11-29,5.7,9.3,.1
108,서울,2025-11-30,12.4,16.1,
108,서울,2025-12-01,5.5,12.2,
108,서울,2025-12-02,.1,3.3,
108,서울,2025-12-03,-5.9,-2.8,
108,서울,2025-12-04,-3.2,3.5,4
108,서울,2025-12-05,-2.6,2.5,
108,서울,2025-12-06,2.1,4.5,.6
108,서울,2025-12-07,8.3,13.4,
108,서울,2025-12-08,3.4,7.3,
108,서울,2025-12-09,2.8,8.7,
108,서울,2025-12-10,4.9,8.6,
108,서울,2025-12-11,4,8.4,12.9
108,서울,2025-12-12,2,7,
108,서울,2025-12-13,2.6,4.5,9.5
108,서울,2025-12-14,-.1,3.1,.1
108,서울,2025-12-15,.7,4.5,
108,서울,2025-12-16,3.8,5,2.1
108,서울,2025-12-17,4.2,7.6,
108,서울,2025-12-18,2.3,8.5,
108,서울,2025-12-19,4.9,9.9,
108,서울,2025-12-20,7.3,10.7,.3
108,서울,2025-12-21,-1.1,2.5,
108,서울,2025-12-22,-.7,5.1,
108,서울,2025-12-23,2.6,4.3,10.8
108,서울,2025-12-24,2.8,6.3,
108,서울,2025-12-25,-3.6,0,
108,서울,2025-12-26,-8.2,-4,
108,서울,2025-12-27,-2.6,.5,0
108,서울,2025-12-28,3.2,6.1,.6
108,서울,2025-12-29,4.9,9.1,.3
108,서울,2025-12-30,-.5,3.8,
108,서울,2025-12-31,-5.6,-1.2,
